{"stat.useItem.152":2,"stat.mineBlock.46":1,"stat.walkOneCm":189208,"stat.useItem.278":23,"stat.useItem.29":7,"stat.useItem.24":92,"stat.useItem.69":4,"stat.jump":131,"stat.fallOneCm":86396,"achievement.exploreAllBiomes":{"value":0,"progress":["Desert"]},"stat.mineBlock.24":3,"achievement.openInventory":33,"stat.damageTaken":6390,"stat.mineBlock.3":1,"stat.useItem.46":86,"stat.useItem.383":13,"stat.flyOneCm":9801,"stat.deaths":9,"stat.drop":26,"stat.playOneMinute":40551,"stat.useItem.3":2,"stat.damageDealt":100}