{"stat.useItem.152":3,"stat.mineBlock.46":1,"stat.walkOneCm":460195,"stat.useItem.278":23,"stat.useItem.29":7,"stat.useItem.24":92,"stat.useItem.69":8,"stat.mineBlock.58":1,"stat.jump":337,"stat.fallOneCm":263702,"achievement.exploreAllBiomes":{"value":0,"progress":["Desert"]},"stat.mineBlock.69":1,"stat.mineBlock.24":3,"achievement.openInventory":95,"stat.damageTaken":22260,"stat.mineBlock.3":1,"stat.useItem.46":98,"stat.useItem.383":16,"stat.flyOneCm":1481471,"stat.deaths":16,"stat.useItem.385":2,"stat.drop":50,"stat.playOneMinute":113706,"stat.useItem.3":2,"stat.damageDealt":100,"stat.useItem.58":3}