{"stat.useItem.274":1,"stat.useItem.152":8,"stat.mineBlock.46":1,"stat.walkOneCm":551246,"stat.useItem.278":23,"stat.useItem.29":7,"stat.useItem.24":93,"stat.useItem.69":8,"stat.mineBlock.58":1,"stat.mineBlock.14":1,"stat.jump":431,"stat.fallOneCm":285229,"achievement.exploreAllBiomes":{"value":0,"progress":["Desert"]},"stat.mineBlock.69":1,"stat.mineBlock.24":4,"stat.useItem.257":10,"achievement.openInventory":141,"stat.damageTaken":23520,"stat.mineBlock.3":1,"stat.useItem.46":102,"stat.useItem.383":16,"stat.flyOneCm":1976052,"stat.deaths":17,"stat.useItem.385":2,"stat.drop":59,"stat.playOneMinute":135892,"stat.useItem.1":13,"stat.useItem.3":2,"stat.damageDealt":100,"stat.useItem.58":3,"stat.useItem.14":1}